{
  "algorithm": "GA (遗传算法)",
  "timestamp": "2026-03-16T20:55:31.652553",
  "metrics": {
    "scheduled_tasks": 41,
    "unscheduled_tasks": 0,
    "total_tasks": 41,
    "schedule_rate": 1.0,
    "makespan_hours": 0.0,
    "total_computation_time": 16.392964124679565,
    "satellite_switches": 40,
    "avg_tasks_per_satellite": 1.0789473684210527
  },
  "area_metrics": {
    "coverage": {
      "total_tiles": 41,
      "covered_tiles": 41,
      "pending_tiles": 0,
      "coverage_ratio": 1.0,
      "min_required_coverage": 0.95,
      "total_area_km2": 111855.26941824636,
      "covered_area_km2": 111855.26941824636,
      "area_coverage_ratio": 1.0,
      "total_overlap_area_km2": 54586.05118667763,
      "avg_overlap_ratio": 0.1333883276305738,
      "max_overlap_ratio": 0.32855693489503063,
      "overlapping_tile_pairs": 150,
      "area_per_satellite_km2": {
        "SAR-30": 5456.354605772218,
        "OPT-07": 2728.177302880506,
        "OPT-24": 2728.177302880506,
        "OPT-19": 2728.177302891712,
        "OPT-25": 2728.177302880506,
        "OPT-13": 2728.177302880506,
        "OPT-30": 2728.177302880506,
        "OPT-28": 2728.177302886109,
        "OPT-20": 2728.177302886109,
        "SAR-18": 2728.177302880506,
        "OPT-05": 2728.177302880506,
        "OPT-03": 2728.177302886109,
        "SAR-24": 5456.354605761012,
        "SAR-02": 2728.177302886109,
        "OPT-18": 2728.177302880506,
        "SAR-20": 2728.177302886109,
        "SAR-05": 2728.177302886109,
        "SAR-25": 2728.177302886109,
        "OPT-27": 2728.177302886109,
        "OPT-22": 2728.177302891712,
        "SAR-21": 2728.177302880506,
        "OPT-14": 2728.177302886109,
        "SAR-13": 2728.177302886109,
        "OPT-17": 2728.177302886109,
        "OPT-11": 2728.177302886109,
        "SAR-06": 2728.177302886109,
        "SAR-17": 2728.177302880506,
        "OPT-06": 2728.177302880506,
        "OPT-04": 2728.177302886109,
        "SAR-08": 2728.177302886109,
        "SAR-14": 2728.177302880506,
        "OPT-15": 2728.177302880506,
        "OPT-29": 2728.177302886109,
        "OPT-10": 2728.177302886109,
        "OPT-23": 5456.35460577782,
        "SAR-28": 2728.177302880506,
        "OPT-12": 2728.177302880506,
        "OPT-16": 2728.177302880506
      },
      "coverage_contribution_ratio": {
        "SAR-30": 0.04878048780491473,
        "OPT-07": 0.024390243902407273,
        "OPT-24": 0.024390243902407273,
        "OPT-19": 0.024390243902507453,
        "OPT-25": 0.024390243902407273,
        "OPT-13": 0.024390243902407273,
        "OPT-30": 0.024390243902407273,
        "OPT-28": 0.024390243902457365,
        "OPT-20": 0.024390243902457365,
        "SAR-18": 0.024390243902407273,
        "OPT-05": 0.024390243902407273,
        "OPT-03": 0.024390243902457365,
        "SAR-24": 0.048780487804814546,
        "SAR-02": 0.024390243902457365,
        "OPT-18": 0.024390243902407273,
        "SAR-20": 0.024390243902457365,
        "SAR-05": 0.024390243902457365,
        "SAR-25": 0.024390243902457365,
        "OPT-27": 0.024390243902457365,
        "OPT-22": 0.024390243902507453,
        "SAR-21": 0.024390243902407273,
        "OPT-14": 0.024390243902457365,
        "SAR-13": 0.024390243902457365,
        "OPT-17": 0.024390243902457365,
        "OPT-11": 0.024390243902457365,
        "SAR-06": 0.024390243902457365,
        "SAR-17": 0.024390243902407273,
        "OPT-06": 0.024390243902407273,
        "OPT-04": 0.024390243902457365,
        "SAR-08": 0.024390243902457365,
        "SAR-14": 0.024390243902407273,
        "OPT-15": 0.024390243902407273,
        "OPT-29": 0.024390243902457365,
        "OPT-10": 0.024390243902457365,
        "OPT-23": 0.048780487804964814,
        "SAR-28": 0.024390243902407273,
        "OPT-12": 0.024390243902407273,
        "OPT-16": 0.024390243902407273
      },
      "first_task_time": null,
      "last_task_time": null,
      "coverage_makespan_hours": 0.0,
      "tiles_per_satellite": {
        "SAR-30": 2,
        "OPT-07": 1,
        "OPT-24": 1,
        "OPT-19": 1,
        "OPT-25": 1,
        "OPT-13": 1,
        "OPT-30": 1,
        "OPT-28": 1,
        "OPT-20": 1,
        "SAR-18": 1,
        "OPT-05": 1,
        "OPT-03": 1,
        "SAR-24": 2,
        "SAR-02": 1,
        "OPT-18": 1,
        "SAR-20": 1,
        "SAR-05": 1,
        "SAR-25": 1,
        "OPT-27": 1,
        "OPT-22": 1,
        "SAR-21": 1,
        "OPT-14": 1,
        "SAR-13": 1,
        "OPT-17": 1,
        "OPT-11": 1,
        "SAR-06": 1,
        "SAR-17": 1,
        "OPT-06": 1,
        "OPT-04": 1,
        "SAR-08": 1,
        "SAR-14": 1,
        "OPT-15": 1,
        "OPT-29": 1,
        "OPT-10": 1,
        "OPT-23": 2,
        "SAR-28": 1,
        "OPT-12": 1,
        "OPT-16": 1
      }
    },
    "efficiency": {
      "avg_overlap_ratio": 0.0,
      "max_overlap_ratio": 0.0,
      "total_overlap_area_km2": 0.0,
      "satellite_switches": 40,
      "avg_tasks_per_satellite": 1.0789473684210527,
      "avg_time_between_tasks_min": 0.0
    },
    "resource": {
      "avg_storage_used_gb": 0.0,
      "max_storage_used_gb": 0.0,
      "storage_efficiency": 0.0,
      "avg_power_consumption_w": 0.0,
      "power_efficiency": 0.0,
      "avg_slew_angle_deg": 29.924360835352022,
      "max_slew_angle_deg": 67.21584608563707,
      "total_slew_time_sec": 0.0
    },
    "summary": {
      "total_tiles": 41,
      "scheduled_tasks": 41,
      "unscheduled_tasks": 41,
      "success_rate": 1.0
    }
  },
  "scheduled_tasks": [
    {
      "task_id": "AREA-TAIWAN-001-T0001-OBS1",
      "target_id": "AREA-TAIWAN-001-T0001",
      "satellite_id": "SAR-30",
      "start_time": null,
      "end_time": null
    },
    {
      "task_id": "AREA-TAIWAN-001-T0002-OBS1",
      "target_id": "AREA-TAIWAN-001-T0002",
      "satellite_id": "OPT-07",
      "start_time": null,
      "end_time": null
    },
    {
      "task_id": "AREA-TAIWAN-001-T0003-OBS1",
      "target_id": "AREA-TAIWAN-001-T0003",
      "satellite_id": "OPT-24",
      "start_time": null,
      "end_time": null
    },
    {
      "task_id": "AREA-TAIWAN-001-T0004-OBS1",
      "target_id": "AREA-TAIWAN-001-T0004",
      "satellite_id": "OPT-19",
      "start_time": null,
      "end_time": null
    },
    {
      "task_id": "AREA-TAIWAN-001-T0005-OBS1",
      "target_id": "AREA-TAIWAN-001-T0005",
      "satellite_id": "OPT-25",
      "start_time": null,
      "end_time": null
    },
    {
      "task_id": "AREA-TAIWAN-001-T0006-OBS1",
      "target_id": "AREA-TAIWAN-001-T0006",
      "satellite_id": "OPT-13",
      "start_time": null,
      "end_time": null
    },
    {
      "task_id": "AREA-TAIWAN-001-T0007-OBS1",
      "target_id": "AREA-TAIWAN-001-T0007",
      "satellite_id": "OPT-30",
      "start_time": null,
      "end_time": null
    },
    {
      "task_id": "AREA-TAIWAN-001-T0008-OBS1",
      "target_id": "AREA-TAIWAN-001-T0008",
      "satellite_id": "OPT-28",
      "start_time": null,
      "end_time": null
    },
    {
      "task_id": "AREA-TAIWAN-001-T0009-OBS1",
      "target_id": "AREA-TAIWAN-001-T0009",
      "satellite_id": "OPT-20",
      "start_time": null,
      "end_time": null
    },
    {
      "task_id": "AREA-TAIWAN-001-T0010-OBS1",
      "target_id": "AREA-TAIWAN-001-T0010",
      "satellite_id": "SAR-18",
      "start_time": null,
      "end_time": null
    },
    {
      "task_id": "AREA-TAIWAN-001-T0011-OBS1",
      "target_id": "AREA-TAIWAN-001-T0011",
      "satellite_id": "OPT-05",
      "start_time": null,
      "end_time": null
    },
    {
      "task_id": "AREA-TAIWAN-001-T0012-OBS1",
      "target_id": "AREA-TAIWAN-001-T0012",
      "satellite_id": "OPT-03",
      "start_time": null,
      "end_time": null
    },
    {
      "task_id": "AREA-TAIWAN-001-T0013-OBS1",
      "target_id": "AREA-TAIWAN-001-T0013",
      "satellite_id": "SAR-24",
      "start_time": null,
      "end_time": null
    },
    {
      "task_id": "AREA-TAIWAN-001-T0014-OBS1",