{
  "scenario": "点群目标观测场景",
  "cache_file": "data/visibility_cache/point_group_scenario_windows.json",
  "timestamp": "2026-02-27T11:37:36.706104",
  "results": [
    {
      "algorithm": "Greedy",
      "name": "贪心算法",
      "category": "贪心",
      "scheduled_count": 35,
      "unscheduled_count": 0,
      "demand_satisfaction_rate": 5.833333333333333,
      "makespan_hours": 16.601111111111113,
      "computation_time": 0.026591062545776367,
      "solution_quality": 3.6233148148148144,
      "satellite_utilization": 0.008101851851851851,
      "convergence_curve": [
        1,
        2,
        3,
        4,
        5,
        6,
        7,
        8,
        9,
        10,
        11,
        12,
        13,
        14,
        15,
        16,
        17,
        18,
        19,
        20,
        21,
        22,
        23,
        24,
        25,
        26,
        27,
        28,
        29,
        30,
        31,
        32,
        33,
        34,
        35
      ]
    },
    {
      "algorithm": "EDD",
      "name": "最早截止日期",
      "category": "贪心",
      "scheduled_count": 13,
      "unscheduled_count": 22,
      "demand_satisfaction_rate": 2.1666666666666665,
      "makespan_hours": 21.131944444444443,
      "computation_time": 0.03409004211425781,
      "solution_quality": 1.3478009259259258,
      "satellite_utilization": 0.0030092592592592593,
      "convergence_curve": [
        1,
        2,
        3,
        4,
        5,
        6,
        7,
        8,
        9,
        10,
        11,
        12,
        13
      ]
    },
    {
      "algorithm": "SPT",
      "name": "最短处理时间",
      "category": "贪心",
      "scheduled_count": 13,
      "unscheduled_count": 22,
      "demand_satisfaction_rate": 2.1666666666666665,
      "makespan_hours": 21.131944444444443,
      "computation_time": 0.03194999694824219,
      "solution_quality": 1.3478009259259258,
      "satellite_utilization": 0.0030092592592592593,
      "convergence_curve": [
        1,
        2,
        3,
        4,
        5,
        6,
        7,
        8,
        9,
        10,
        11,
        12,
        13
      ]
    },
    {
      "algorithm": "GA",
      "name": "遗传算法",
      "category": "元启发式",
      "scheduled_count": 35,
      "unscheduled_count": 0,
      "demand_satisfaction_rate": 5.833333333333333,
      "makespan_hours": 8.969166666666666,
      "computation_time": 0.4491889476776123,
      "solution_quality": 3.7505138888888885,
      "satellite_utilization": 0.0025748456790123456,
      "convergence_curve": [
        609.1111111111111,
        609.1111111111111,
        609.6444444444444,
        609.6444444444444,
        609.6444444444444,
        609.6444444444444,
        609.6444444444444,
        609.6444444444444,
        609.6444444444444,
        609.6444444444444,
        609.6444444444444,
        609.6444444444444,
        609.6444444444444,
        609.6444444444444,
        609.6444444444444,
        609.6444444444444,
        609.6444444444444,
        609.6444444444444,
        609.6444444444444,
        609.6444444444444,
        609.6444444444444,
        609.6444444444444,
        609.6444444444444,
        609.6444444444444,
        609.6444444444444,
        609.6444444444444,
        609.7777777777778,
        609.7777777777778,
        609.7777777777778,
        609.7777777777778,
        609.7777777777778,
        609.7777777777778,
        609.7777777777778,
        609.7777777777778,
        609.7777777777778,
        609.7777777777778,
        609.7777777777778,
        609.7777777777778,
        609.7777777777778,
        609.7777777777778,
        609.7777777777778,
        609.7777777777778,
        609.7777777777778,
        609.7777777777778,
        609.7777777777778,
        609.7777777777778,
        609.7777777777778,
        609.7777777777778,
        609.7777777777778,
        609.7777777777778
      ]
    },
    {
      "algorithm": "ACO",
      "name": "蚁群优化",
      "category": "元启发式",
      "scheduled_count": 35,
      "unscheduled_count": 0,
      "demand_satisfaction_rate": 5.833333333333333,
      "makespan_hours": 10.092777777777778,
      "computation_time": 5.155455827713013,
      "solution_quality": 3.7317870370370367,
      "satellite_utilization": 0.0026905864197530865,
      "convergence_curve": [
        609.2444444444445,
        609.2444444444445,
        609.2444444444445,
        609.2444444444445,
        609.2444444444445,
        609.5111111111112,
        609.5111111111112,
        609.5111111111112,
        609.5111111111112,
        609.5111111111112,
        609.5111111111112,
        609.5111111111112,
        609.5111111111112,
        609.5111111111112,
        609.5111111111112,
        609.5111111111112,
        609.5111111111112,
        609.5111111111112,
        609.5111111111112,
        609.5111111111112,
        609.5111111111112,
        609.5111111111112,
        609.5111111111112,
        609.5111111111112,
        609.5111111111112,
        609.5111111111112,
        609.5111111111112,
        609.5111111111112,
        609.5111111111112,
        609.5111111111112,
        609.5111111111112,
        609.5111111111112,
        609.5111111111112,
        609.5111111111112,
        609.5111111111112,
        609.5111111111112,
        609.5111111111112,
        609.5111111111112,
        609.5111111111112,
        609.5111111111112,
        609.5111111111112,
        609.5111111111112,
        609.5111111111112,
        609.5111111111112,
        609.5111111111112,
        609.5111111111112,
        609.5111111111112,
        609.5111111111112,
        609.5111111111112,
        609.5111111111112
      ]
    },
    {
      "algorithm": "PSO",
      "name": "粒子群优化",
      "category": "元启发式",
      "scheduled_count": 35,
      "unscheduled_count": 0,
      "demand_satisfaction_rate": 5.833333333333333,
      "makespan_hours": 8.698333333333334,
      "computation_time": 1.5227539539337158,
      "solution_quality": 3.7550277777777774,
      "satellite_utilization": 0.0024714506172839506,
      "convergence_curve": [
        609.5111111111112,
        609.5111111111112,
        609.5111111111112,
        609.5111111111112,
        609.5111111111112,
        609.5111111111112,
        609.5111111111112,
        609.5111111111112,
        609.5111111111112,
        609.5111111111112,
        609.5111111111112,
        609.5111111111112,
        609.5111111111112,
        609.5111111111112,
        609.5111111111112,
        609.5111111111112,
        609.5111111111112,
        609.5111111111112,
        609.5111111111112,
        609.5111111111112,
        609.5111111111112,
        609.5111111111112,
        609.5111111111112,
        609.5111111111112,
        609.5111111111112,
        609.5111111111112,
        609.5111111111112,
        609.5111111111112,
        609.5111111111112,
        609.5111111111112,
        609.5111111111112,
        609.5111111111112,
        609.5111111111112,
        609.5111111111112,
        609.5111111111112,
        609.5111111111112,
        609.5111111111112,
        609.5111111111112,
        609.5111111111112,
        609.5111111111112,
        609.5111111111112,
        609.5111111111112,
        609.5111111111112,
        609.5111111111112,
        609.5111111111112,
        609.5111111111112,
        609.5111111111112,
        609.5111111111112,
        609.5111111111112,
        609.5111111111112
      ]
    },
    {
      "algorithm": "SA",
      "name": "模拟退火",
      "category": "元启发式",
      "scheduled_count": 35,
      "unscheduled_count": 0,
      "demand_satisfaction_rate": 5.833333333333333,
      "makespan_hours": 8.164444444444445,
      "computation_time": 0.05418705940246582,
      "solution_quality": 3.7639259259259257,
      "satellite_utilization": 0.0030540123456790124,