{
  "scenario": "点群目标观测场景",
  "cache_file": "data/visibility_cache/point_group_scenario_windows.json",
  "timestamp": "2026-02-27T15:53:38.259668",
  "results": [
    {
      "algorithm": "Greedy",
      "name": "贪心算法",
      "category": "贪心",
      "scheduled_count": 35,
      "unscheduled_count": 0,
      "demand_satisfaction_rate": 5.833333333333333,
      "makespan_hours": 5.908333333333333,
      "computation_time": 0.0054378509521484375,
      "solution_quality": 3.8015277777777774,
      "satellite_utilization": 0.008101851851851851,
      "convergence_curve": [
        1,
        2,
        3,
        4,
        5,
        6,
        7,
        8,
        9,
        10,
        11,
        12,
        13,
        14,
        15,
        16,
        17,
        18,
        19,
        20,
        21,
        22,
        23,
        24,
        25,
        26,
        27,
        28,
        29,
        30,
        31,
        32,
        33,
        34,
        35
      ]
    },
    {
      "algorithm": "EDD",
      "name": "最早截止日期",
      "category": "贪心",
      "scheduled_count": 35,
      "unscheduled_count": 0,
      "demand_satisfaction_rate": 5.833333333333333,
      "makespan_hours": 17.183333333333334,
      "computation_time": 0.005196094512939453,
      "solution_quality": 3.6136111111111107,
      "satellite_utilization": 0.008101851851851851,
      "convergence_curve": [
        1,
        2,
        3,
        4,
        5,
        6,
        7,
        8,
        9,
        10,
        11,
        12,
        13,
        14,
        15,
        16,
        17,
        18,
        19,
        20,
        21,
        22,
        23,
        24,
        25,
        26,
        27,
        28,
        29,
        30,
        31,
        32,
        33,
        34,
        35
      ]
    },
    {
      "algorithm": "SPT",
      "name": "最短处理时间",
      "category": "贪心",
      "scheduled_count": 35,
      "unscheduled_count": 0,
      "demand_satisfaction_rate": 5.833333333333333,
      "makespan_hours": 17.183333333333334,
      "computation_time": 0.004039764404296875,
      "solution_quality": 3.6136111111111107,
      "satellite_utilization": 0.008101851851851851,
      "convergence_curve": [
        1,
        2,
        3,
        4,
        5,
        6,
        7,
        8,
        9,
        10,
        11,
        12,
        13,
        14,
        15,
        16,
        17,
        18,
        19,
        20,
        21,
        22,
        23,
        24,
        25,
        26,
        27,
        28,
        29,
        30,
        31,
        32,
        33,
        34,
        35
      ]
    },
    {
      "algorithm": "GA",
      "name": "遗传算法",
      "category": "元启发式",
      "scheduled_count": 27,
      "unscheduled_count": 8,
      "demand_satisfaction_rate": 4.5,
      "makespan_hours": 24.0,
      "computation_time": 0.32726597785949707,
      "solution_quality": 2.6999999999999997,
      "satellite_utilization": 0.02634259259259259,
      "convergence_curve": [
        256.5711111111111,
        257.0711111111111,
        259.4377777777778,
        290.7711111111111,
        321.2733333333333,
        333.0711111111111,
        333.0711111111111,
        349.77777777777777,
        352.6777777777778,
        359.62666666666667,
        399.71777777777777,
        402.21777777777777,
        402.21777777777777,
        402.21777777777777,
        402.21777777777777,
        402.21777777777777,
        402.21777777777777,
        402.21777777777777,
        414.5933333333333,
        414.5933333333333,
        416.6933333333333,
        416.6933333333333,
        416.6933333333333,
        416.6933333333333,
        431.0777777777778,
        431.8777777777778,
        431.8777777777778,
        431.8777777777778,
        431.8777777777778,
        431.8777777777778,
        431.8777777777778,
        431.8777777777778,
        431.8777777777778,
        431.8777777777778,
        448.23777777777775,
        448.23777777777775,
        448.23777777777775,
        448.23777777777775,
        448.23777777777775,
        448.23777777777775,
        448.23777777777775,
        448.23777777777775,
        448.23777777777775,
        448.23777777777775,
        448.23777777777775,
        448.23777777777775,
        448.23777777777775,
        448.23777777777775,
        448.23777777777775,
        448.23777777777775
      ]
    },
    {
      "algorithm": "ACO",
      "name": "蚁群优化",
      "category": "元启发式",
      "scheduled_count": 21,
      "unscheduled_count": 14,
      "demand_satisfaction_rate": 3.5,
      "makespan_hours": 22.666666666666668,
      "computation_time": 4.409509181976318,
      "solution_quality": 2.1222222222222222,
      "satellite_utilization": 0.020370370370370372,
      "convergence_curve": [
        239.1511111111111,
        261.8377777777778,
        261.8377777777778,
        261.8377777777778,
        261.8377777777778,
        283.8377777777778,
        283.8377777777778,
        283.8377777777778,
        283.8377777777778,
        283.8377777777778,
        326.00666666666666,
        326.00666666666666,
        326.00666666666666,
        326.00666666666666,
        326.00666666666666,
        326.00666666666666,
        326.00666666666666,
        347.4111111111111,
        347.4111111111111,
        347.4111111111111,
        347.4111111111111,
        347.4111111111111,
        347.4111111111111,
        347.4111111111111,
        347.4111111111111,
        347.4111111111111,
        347.4111111111111,
        347.4111111111111,
        347.4111111111111,
        347.4111111111111,
        347.4111111111111,
        367.02666666666664,
        367.02666666666664,
        367.02666666666664,
        367.02666666666664,
        367.02666666666664,
        367.02666666666664,
        367.02666666666664,
        367.02666666666664,
        367.02666666666664,
        367.02666666666664,
        367.02666666666664,
        367.02666666666664,
        367.02666666666664,
        367.02666666666664,
        367.02666666666664,
        367.02666666666664,
        367.02666666666664,
        367.02666666666664,
        367.02666666666664
      ]
    },
    {
      "algorithm": "PSO",
      "name": "粒子群优化",
      "category": "元启发式",
      "scheduled_count": 19,
      "unscheduled_count": 16,
      "demand_satisfaction_rate": 3.1666666666666665,
      "makespan_hours": 22.666666666666668,
      "computation_time": 1.179203987121582,
      "solution_quality": 1.922222222222222,
      "satellite_utilization": 0.01824074074074074,